Timestamp,User Count,Type,Name,Requests/s,Failures/s,50%,66%,75%,80%,90%,95%,98%,99%,99.9%,99.99%,100%,Total Request Count,Total Failure Count,Total Median Response Time,Total Average Response Time,Total Min Response Time,Total Max Response Time,Total Average Content Size
1784317083,0,,Aggregated,0.000000,0.000000,N/A,N/A,N/A,N/A,N/A,N/A,N/A,N/A,N/A,N/A,N/A,0,0,0,0.0,0,0,0
1784317084,10,,Aggregated,0.000000,0.000000,N/A,N/A,N/A,N/A,N/A,N/A,N/A,N/A,N/A,N/A,N/A,0,0,0,0.0,0,0,0
1784317085,20,,Aggregated,0.000000,0.000000,N/A,N/A,N/A,N/A,N/A,N/A,N/A,N/A,N/A,N/A,N/A,0,0,0,0.0,0,0,0
1784317086,30,,Aggregated,0.000000,0.000000,N/A,N/A,N/A,N/A,N/A,N/A,N/A,N/A,N/A,N/A,N/A,0,0,0,0.0,0,0,0
1784317087,40,,Aggregated,0.000000,0.000000,N/A,N/A,N/A,N/A,N/A,N/A,N/A,N/A,N/A,N/A,N/A,0,0,0,0.0,0,0,0
1784317088,50,,Aggregated,0.000000,0.000000,4900,4900,4900,4900,4900,4900,4900,4900,4900,4900,4900,3,0,4900,4810.631527604225,4658.156541991048,4917.576332925819,242638.33333333334
1784317089,60,,Aggregated,0.000000,0.000000,5000,5300,5400,5400,5500,5600,5600,5600,5600,5600,5600,12,0,5000,5115.543593642845,4658.156541991048,5605.866875033826,249623.83333333334
1784317090,70,,Aggregated,0.000000,0.000000,5100,5300,5400,5500,5600,5900,5900,5900,5900,5900,5900,15,0,5100,5177.150513782787,4658.156541991048,5896.237208042294,250310.8
1784317091,80,,Aggregated,1.500000,0.000000,5400,5600,5900,6000,7000,7000,7000,7000,7000,7000,7000,20,0,5300,5483.306339429691,4658.156541991048,7001.989790936932,256299.35
1784317092,90,,Aggregated,2.000000,0.000000,5900,6100,6200,6200,7000,7100,7200,7200,7200,7200,7200,32,0,5900,5789.395533731295,4658.156541991048,7202.450416982174,259107.78125
1784317093,100,,Aggregated,2.000000,0.000000,6000,6100,6300,6600,7000,7100,7200,7200,7200,7200,7200,40,0,6000,5901.773558239802,4658.156541991048,7202.450416982174,256471.45
1784317094,100,,Aggregated,3.222222,0.000000,6000,6200,6300,6600,6900,7000,7200,7200,7200,7200,7200,41,0,6000,5925.1318484766225,4658.156541991048,7202.450416982174,256306.21951219512
1784317095,100,,Aggregated,3.600000,0.000000,6100,6600,6600,7000,7200,7500,7800,7800,7800,7800,7800,47,0,6100,6117.531655948273,4658.156541991048,7770.372375031002,255733.63829787233
1784317096,100,,Aggregated,4.000000,0.000000,6200,6900,7200,7300,7800,8100,8200,8200,8200,8200,8200,56,0,6200,6389.21064283308,4658.156541991048,8221.670625032857,255829.44642857142
1784317097,100,,Aggregated,4.400000,0.000000,6600,7200,7700,8000,8400,8900,8900,9000,9000,9000,9000,65,0,6600,6697.709214717795,4658.156541991048,8969.678541063331,255397.76923076922
1784317098,100,,Aggregated,5.300000,0.000000,6900,7700,8200,8400,8900,9000,9500,9600,9600,9600,9600,73,0,6900,6951.17744402035,4658.156541991048,9644.254707964137,255044.39726027398
1784317099,100,,Aggregated,5.800000,0.000000,7100,8000,8400,8600,9300,9600,9600,9900,9900,9900,9900,78,0,7000,7120.801665021691,4658.156541991048,9862.218167050742,254943.92307692306
1784317100,100,,Aggregated,6.800000,0.000000,7100,8000,8500,8700,9500,9600,10000,11000,11000,11000,11000,80,0,7100,7201.24395777093,4658.156541991048,10501.054333057255,254999.5
1784317101,100,,Aggregated,6.600000,0.000000,7200,8300,8700,9000,9600,11000,11000,11000,11000,11000,11000,85,0,7200,7431.706911726746,4658.156541991048,11433.533875038847,254882.02352941176
1784317102,100,,Aggregated,6.500000,0.000000,7600,8600,9300,9600,11000,11000,12000,12000,12000,12000,12000,94,0,7500,7825.187058477821,4658.156541991048,12048.820374999195,254638.22340425532
1784317103,100,,Aggregated,6.600000,0.000000,7700,8700,9500,10000,11000,12000,12000,13000,13000,13000,13000,98,0,7700,7990.1572499573895,4658.156541991048,12524.374958011322,255006.806122449
1784317104,100,,Aggregated,6.200000,0.000000,8200,9400,11000,11000,12000,12000,13000,13000,13000,13000,13000,108,0,8100,8403.311992646195,4658.156541991048,12934.994791983627,254812.80555555556
1784317105,100,,Aggregated,6.000000,0.000000,8400,10000,11000,12000,13000,13000,14000,14000,14000,14000,14000,119,0,8400,8867.800912107616,4658.156541991048,13953.609999967739,254608.05042016806
1784317106,100,,Aggregated,6.300000,0.000000,8500,11000,11000,12000,13000,13000,14000,14000,14000,14000,14000,121,0,8500,8952.18978338771,4658.156541991048,14041.29779106006,254403.73553719008
1784317107,100,,Aggregated,7.000000,0.000000,8600,11000,12000,12000,13000,14000,15000,15000,15000,15000,15000,124,0,8500,9098.731831975108,4658.156541991048,15147.971499944106,254658.00806451612
1784317108,100,,Aggregated,6.600000,0.000000,8900,11000,12000,13000,14000,15000,15000,16000,16000,16000,16000,130,0,8700,9393.993481377569,4658.156541991048,15967.78341603931,254793.88461538462
1784317109,100,,Aggregated,6.300000,0.000000,9000,11000,12000,13000,15000,16000,16000,16000,16000,16000,16000,137,0,9000,9742.348351847231,4658.156541991048,16407.270291936584,254599.38686131386
1784317110,100,,Aggregated,6.000000,0.000000,9500,12000,13000,14000,15000,16000,17000,17000,17000,17000,17000,145,0,9500,10090.305980987814,4658.156541991048,17298.820000025444,254445.44137931033
1784317111,100,,Aggregated,6.000000,0.000000,9600,12000,13000,15000,16000,16000,16000,17000,17000,17000,17000,152,0,9600,10333.726293532987,4658.156541991048,17298.820000025444,254084.0855263158
1784317112,100,,Aggregated,6.100000,0.000000,11000,13000,14000,15000,16000,16000,16000,17000,17000,17000,17000,159,0,11000,10558.333993138915,4658.156541991048,17298.820000025444,253867.5849056604
1784317113,100,,Aggregated,6.500000,0.000000,11000,13000,15000,15000,16000,16000,16000,17000,17000,17000,17000,163,0,11000,10685.385319220753,4658.156541991048,17298.820000025444,254316.39877300613
1784317114,100,,Aggregated,6.600000,0.000000,11000,13000,15000,15000,16000,16000,16000,17000,17000,17000,17000,168,0,11000,10846.171740773743,4658.156541991048,17298.820000025444,254454.9107142857
1784317115,100,,Aggregated,6.400000,0.000000,11000,13000,15000,15000,16000,16000,17000,17000,17000,17000,17000,173,0,11000,11008.055537289703,4658.156541991048,17427.72058409173,254631.12138728323
1784317116,100,,Aggregated,6.300000,0.000000,11000,14000,15000,16000,16000,17000,17000,18000,18000,18000,18000,180,0,11000,11242.342861300696,4658.156541991048,17860.433624940924,254803.80555555556
1784317117,100,,Aggregated,5.800000,0.000000,12000,15000,16000,16000,16000,17000,17000,18000,18000,18000,18000,188,0,12000,11445.005190123413,4658.156541991048,17860.433624940924,254392.88829787233
1784317118,100,,Aggregated,5.700000,0.000000,12000,15000,16000,16000,16000,17000,17000,18000,18000,18000,18000,193,0,12000,11560.763311494562,4658.156541991048,17860.433624940924,254480.74093264248
1784317119,100,,Aggregated,6.100000,0.000000,12000,15000,16000,16000,16000,17000,17000,18000,18000,18000,18000,200,0,12000,11717.73014330247,4658.156541991048,17860.433624940924,254802.32
1784317120,100,,Aggregated,6.300000,0.000000,13000,15000,16000,16000,16000,17000,17000,17000,18000,18000,18000,208,0,13000,11888.207743560019,4658.156541991048,17860.433624940924,254712.21634615384
1784317121,100,,Aggregated,6.100000,0.000000,13000,15000,16000,16000,16000,17000,17000,17000,18000,18000,18000,215,0,13000,12037.70587768644,4658.156541991048,17860.433624940924,254343.55813953487
1784317122,100,,Aggregated,6.200000,0.000000,13000,16000,16000,16000,16000,17000,17000,17000,18000,18000,18000,221,0,13000,12160.666918712857,4658.156541991048,17860.433624940924,254351.46153846153
1784317123,100,,Aggregated,6.100000,0.000000,13000,16000,16000,16000,16000,17000,17000,17000,18000,18000,18000,224,0,13000,12201.717661238945,4658.156541991048,17860.433624940924,254419.8794642857
1784317124,100,,Aggregated,5.900000,0.000000,14000,16000,16000,16000,17000,17000,17000,17000,18000,18000,18000,232,0,14000,12339.82704540239,4658.156541991048,17860.433624940924,254165.9181034483
1784317125,100,,Aggregated,6.200000,0.000000,14000,16000,16000,16000,17000,17000,17000,17000,18000,18000,18000,239,0,14000,12448.528232357356,4658.156541991048,17860.433624940924,254115.5188284519
1784317126,100,,Aggregated,6.000000,0.000000,15000,16000,16000,16000,17000,17000,17000,17000,18000,18000,18000,243,0,15000,12507.535511108954,4658.156541991048,17860.433624940924,254126.41152263375
1784317127,100,,Aggregated,6.100000,0.000000,15000,16000,16000,16000,17000,17000,17000,17000,18000,18000,18000,249,0,15000,12598.923462817078,4658.156541991048,17860.433624940924,254208.94779116465
1784317128,100,,Aggregated,6.400000,0.000000,15000,16000,16000,16000,17000,17000,17000,17000,18000,18000,18000,258,0,15000,12731.07192939411,4658.156541991048,17860.433624940924,254237.62015503875
1784317129,100,,Aggregated,6.200000,0.000000,15000,16000,16000,16000,17000,17000,17000,17000,18000,18000,18000,264,0,15000,12811.224532797385,4658.156541991048,17860.433624940924,254107.26893939395
1784317130,100,,Aggregated,6.300000,0.000000,15000,16000,16000,16000,17000,17000,17000,17000,18000,18000,18000,273,0,15000,12909.410375276591,4658.156541991048,17860.433624940924,253963.5164835165
1784317131,100,,Aggregated,6.500000,0.000000,15000,16000,16000,16000,17000,17000,17000,17000,18000,18000,18000,274,0,15000,12918.601451614993,4658.156541991048,17860.433624940924,254060.02554744526
1784317132,100,,Aggregated,6.300000,0.000000,15000,16000,16000,16000,17000,17000,17000,17000,18000,18000,18000,280,0,15000,12980.748444322879,4658.156541991048,17860.433624940924,254085.85
1784317133,100,,Aggregated,6.500000,0.000000,15000,16000,16000,16000,17000,17000,17000,17000,18000,18000,18000,287,0,15000,13052.300349137915,4658.156541991048,17860.433624940924,253922.07665505225
1784317134,100,,Aggregated,6.200000,0.000000,15000,16000,16000,16000,17000,17000,17000,17000,18000,18000,18000,295,0,15000,13130.622909584288,4658.156541991048,17860.433624940924,253878.8847457627
1784317135,100,,Aggregated,6.000000,0.000000,15000,16000,16000,16000,17000,17000,17000,17000,18000,18000,18000,301,0,15000,13185.682544001282,4658.156541991048,17860.433624940924,253850.60465116278
1784317136,100,,Aggregated,6.500000,0.000000,15000,16000,16000,16000,17000,17000,17000,17000,18000,18000,18000,307,0,15000,13238.177202210052,4658.156541991048,17860.433624940924,253647.8013029316
1784317137,100,,Aggregated,6.500000,0.000000,16000,16000,16000,16000,17000,17000,17000,17000,18000,18000,18000,317,0,16000,13324.158803086098,4658.156541991048,17860.433624940924,253959.19242902208
1784317138,100,,Aggregated,6.400000,0.000000,16000,16000,16000,16000,17000,17000,17000,17000,18000,18000,18000,319,0,16000,13342.020222161047,4658.156541991048,17860.433624940924,253839.05329153605
1784317139,100,,Aggregated,6.500000,0.000000,16000,16000,16000,16000,17000,17000,17000,17000,18000,18000,18000,322,0,16000,13370.662035436444,4658.156541991048,17860.433624940924,253796.049689441
1784317140,100,,Aggregated,6.400000,0.000000,16000,16000,16000,16000,17000,17000,17000,17000,18000,18000,18000,330,0,16000,13439.233229653275,4658.156541991048,17860.433624940924,253777.9
1784317141,100,,Aggregated,5.800000,0.000000,16000,16000,16000,16000,17000,17000,17000,17000,18000,18000,18000,339,0,16000,13511.296398701093,4658.156541991048,17860.433624940924,253791.97640117994
1784317142,100,,Aggregated,5.800000,0.000000,16000,16000,16000,16000,17000,17000,17000,17000,18000,18000,18000,342,0,16000,13534.237989258874,4658.156541991048,17860.433624940924,253815.47368421053
1784317143,100,,Aggregated,5.900000,0.000000,16000,16000,16000,16000,17000,17000,17000,17000,18000,18000,18000,348,0,16000,13579.80896107051,4658.156541991048,17860.433624940924,253851.5747126437
1784317144,100,,Aggregated,6.200000,0.000000,16000,16000,16000,16000,17000,17000,17000,17000,18000,18000,18000,358,0,16000,13655.245731479694,4658.156541991048,17860.433624940924,254001.61452513965
1784317145,100,,Aggregated,6.200000,0.000000,16000,16000,16000,16000,17000,17000,17000,17000,18000,18000,18000,362,0,16000,13683.079833319816,4658.156541991048,17860.433624940924,253969.02486187845
1784317146,100,,Aggregated,5.800000,0.000000,16000,16000,16000,16000,17000,17000,17000,18000,18000,18000,18000,371,0,16000,13746.561537163503,4658.156541991048,18210.16066696029,253762.3396226415
1784317147,100,,Aggregated,6.000000,0.000000,16000,16000,16000,16000,17000,17000,17000,18000,18000,18000,18000,375,0,16000,13770.529186209664,4658.156541991048,18210.16066696029,253723.344
1784317148,100,,Aggregated,5.900000,0.000000,16000,16000,16000,16000,17000,17000,17000,18000,18000,18000,18000,381,0,16000,13806.15444224312,4658.156541991048,18210.16066696029,253852.83989501314
1784317149,100,,Aggregated,6.400000,0.000000,16000,16000,16000,16000,17000,17000,17000,18000,18000,18000,18000,385,0,16000,13829.675306910769,4658.156541991048,18210.16066696029,253771.91688311688
1784317150,100,,Aggregated,6.100000,0.000000,16000,16000,16000,16000,17000,17000,17000,18000,18000,18000,18000,391,0,16000,13866.443402157998,4658.156541991048,18210.16066696029,253707.9590792839
1784317151,100,,Aggregated,6.200000,0.000000,16000,16000,16000,16000,17000,17000,17000,18000,18000,18000,18000,399,0,16000,13919.566275254312,4658.156541991048,18210.16066696029,253805.49122807017
1784317152,100,,Aggregated,6.400000,0.000000,16000,16000,16000,16000,17000,17000,17000,18000,18000,18000,18000,405,0,16000,13959.021985682624,4658.156541991048,18210.16066696029,253742.98518518519
1784317153,100,,Aggregated,6.400000,0.000000,16000,16000,16000,16000,17000,17000,17000,18000,18000,18000,18000,415,0,16000,14001.747217856022,4658.156541991048,18210.16066696029,253706.90843373493
1784317154,100,,Aggregated,5.900000,0.000000,16000,16000,16000,16000,17000,17000,17000,18000,18000,18000,18000,423,0,16000,14038.054243185345,4658.156541991048,18210.16066696029,253621.4278959811
1784317155,100,,Aggregated,6.500000,0.000000,16000,16000,16000,16000,17000,17000,17000,18000,18000,18000,18000,427,0,16000,14045.176191921226,4658.156541991048,18210.16066696029,253545.1007025761
1784317156,100,,Aggregated,6.800000,0.000000,16000,16000,16000,16000,17000,17000,17000,18000,18000,18000,18000,431,0,16000,14062.234359030857,4658.156541991048,18210.16066696029,253549.77726218099
1784317157,100,,Aggregated,6.600000,0.000000,16000,16000,16000,16000,17000,17000,17000,18000,18000,18000,18000,437,0,16000,14089.495133275317,4658.156541991048,18210.16066696029,253526.04118993136
1784317158,100,,Aggregated,6.400000,0.000000,16000,16000,16000,16000,17000,17000,17000,18000,18000,18000,18000,444,0,16000,14122.058615781449,4658.156541991048,18210.16066696029,253506.93018018018
1784317159,100,,Aggregated,5.900000,0.000000,16000,16000,16000,16000,17000,17000,17000,18000,18000,18000,18000,453,0,16000,14149.002884364292,4658.156541991048,18210.16066696029,253346.48565121414
1784317160,100,,Aggregated,5.900000,0.000000,16000,16000,16000,16000,17000,17000,17000,18000,18000,18000,18000,459,0,16000,14165.535226836852,4658.156541991048,18210.16066696029,253238.89978213506
1784317161,100,,Aggregated,6.400000,0.000000,16000,16000,16000,16000,17000,17000,17000,18000,18000,18000,18000,468,0,16000,14189.219457784899,4658.156541991048,18210.16066696029,253093.6858974359
1784317162,100,,Aggregated,6.800000,0.000000,16000,16000,16000,16000,17000,17000,17000,18000,18000,18000,18000,472,0,16000,14198.749205142445,4658.156541991048,18210.16066696029,252981.59745762713
1784317163,100,,Aggregated,6.500000,0.000000,16000,16000,16000,16000,17000,17000,17000,18000,18000,18000,18000,475,0,16000,14209.05141376057,4658.156541991048,18210.16066696029,252996.07157894736
1784317164,100,,Aggregated,7.100000,0.000000,16000,16000,16000,16000,17000,17000,17000,18000,18000,18000,18000,481,0,16000,14237.056727553554,4658.156541991048,18210.16066696029,252969.18295218295
1784317165,100,,Aggregated,6.400000,0.000000,16000,16000,16000,16000,17000,17000,17000,18000,18000,18000,18000,491,0,16000,14266.51834019639,4658.156541991048,18210.16066696029,252826.85743380856
1784317166,100,,Aggregated,5.800000,0.000000,16000,16000,16000,16000,17000,17000,17000,18000,18000,18000,18000,495,0,16000,14275.830502429215,4658.156541991048,18210.16066696029,252844.76161616162
1784317167,100,,Aggregated,5.700000,0.000000,16000,16000,16000,16000,17000,17000,17000,17000,18000,18000,18000,504,0,16000,14297.909170461011,4658.156541991048,18210.16066696029,252768.6884920635
1784317168,100,,Aggregated,6.400000,0.000000,16000,16000,16000,16000,17000,17000,17000,17000,18000,18000,18000,510,0,16000,14312.987553910125,4658.156541991048,18210.16066696029,252750.26078431372
1784317169,100,,Aggregated,6.300000,0.000000,16000,16000,16000,16000,17000,17000,17000,17000,18000,18000,18000,513,0,16000,14323.80332081301,4658.156541991048,18210.16066696029,252693.89668615983
1784317170,100,,Aggregated,6.800000,0.000000,16000,16000,16000,16000,17000,17000,17000,17000,18000,18000,18000,519,0,16000,14350.36744009672,4658.156541991048,18210.16066696029,252736.17726396918
1784317171,100,,Aggregated,6.500000,0.000000,16000,16000,16000,16000,17000,17000,17000,17000,18000,18000,18000,529,0,16000,14385.138347813163,4658.156541991048,18210.16066696029,252695.8752362949
1784317172,100,,Aggregated,5.900000,0.000000,16000,16000,16000,16000,17000,17000,17000,17000,18000,18000,18000,532,0,16000,14392.541993566074,4658.156541991048,18210.16066696029,252645.55263157896
1784317173,100,,Aggregated,6.200000,0.000000,16000,16000,16000,16000,17000,17000,17000,17000,18000,18000,18000,538,0,16000,14411.295768498447,4658.156541991048,18210.16066696029,252687.85687732341
1784317174,100,,Aggregated,5.900000,0.000000,16000,16000,16000,16000,17000,17000,17000,17000,18000,18000,18000,543,0,16000,14425.769268788275,4658.156541991048,18210.16066696029,252752.05156537754
1784317175,100,,Aggregated,5.900000,0.000000,16000,16000,16000,16000,17000,17000,17000,17000,18000,18000,18000,550,0,16000,14446.64604347432,4658.156541991048,18210.16066696029,252832.4818181818
1784317176,100,,Aggregated,6.300000,0.000000,16000,16000,16000,16000,17000,17000,17000,17000,18000,18000,18000,554,0,16000,14463.46589958439,4658.156541991048,18210.16066696029,252916.57400722022
1784317177,100,,Aggregated,6.400000,0.000000,16000,16000,16000,16000,17000,17000,17000,17000,18000,18000,18000,562,0,16000,14493.484652275758,4658.156541991048,18210.16066696029,252854.512455516
1784317178,100,,Aggregated,5.900000,0.000000,16000,16000,16000,16000,17000,17000,17000,17000,18000,18000,18000,571,0,16000,14530.221536842007,4658.156541991048,18210.16066696029,252980.7775831874
1784317179,100,,Aggregated,6.000000,0.000000,16000,16000,16000,16000,17000,17000,17000,17000,18000,18000,18000,574,0,16000,14538.305178273491,4658.156541991048,18210.16066696029,252929.1986062718
1784317180,100,,Aggregated,5.800000,0.000000,16000,16000,16000,16000,17000,17000,17000,18000,18000,18000,18000,582,0,16000,14563.189629073891,4658.156541991048,18291.65583406575,253061.97594501718
1784317181,100,,Aggregated,6.200000,0.000000,16000,16000,16000,16000,17000,17000,17000,18000,18000,18000,18000,589,0,16000,14583.07001866552,4658.156541991048,18291.65583406575,253091.52801358234
1784317182,100,,Aggregated,6.000000,0.000000,16000,16000,16000,16000,17000,17000,17000,18000,18000,18000,18000,592,0,16000,14594.265701285425,4658.156541991048,18291.65583406575,253102.26182432432
1784317183,100,,Aggregated,6.000000,0.000000,16000,16000,16000,16000,17000,17000,17000,18000,18000,18000,18000,597,0,16000,14613.07134958459,4658.156541991048,18291.65583406575,253159.22110552763
1784317184,100,,Aggregated,6.000000,0.000000,16000,16000,16000,16000,17000,17000,17000,17000,18000,18000,18000,604,0,16000,14636.781535102498,4658.156541991048,18291.65583406575,253239.86589403974
1784317185,100,,Aggregated,6.000000,0.000000,16000,16000,16000,16000,17000,17000,17000,17000,18000,18000,18000,613,0,16000,14665.293059735877,4658.156541991048,18291.65583406575,253270.26427406198
1784317186,100,,Aggregated,6.100000,0.000000,16000,16000,16000,16000,17000,17000,17000,17000,18000,18000,18000,621,0,16000,14682.313422092062,4658.156541991048,18291.65583406575,253458.89371980677
1784317187,100,,Aggregated,6.100000,0.000000,16000,16000,16000,16000,17000,17000,17000,17000,18000,18000,18000,625,0,16000,14692.437022457832,4658.156541991048,18291.65583406575,253454.9024
1784317188,100,,Aggregated,6.400000,0.000000,16000,16000,16000,16000,17000,17000,17000,17000,18000,18000,18000,629,0,16000,14704.300333324538,4658.156541991048,18291.65583406575,253441.31001589826
1784317189,100,,Aggregated,6.900000,0.000000,16000,16000,16000,16000,17000,17000,17000,18000,18000,18000,18000,634,0,16000,14720.402419484664,4658.156541991048,18291.65583406575,253532.22239747635
1784317190,100,,Aggregated,6.200000,0.000000,16000,16000,16000,16000,17000,17000,17000,18000,18000,18000,18000,641,0,16000,14740.50006746549,4658.156541991048,18291.65583406575,253547.0046801872
1784317191,100,,Aggregated,5.700000,0.000000,16000,16000,16000,16000,17000,17000,17000,18000,18000,18000,18000,649,0,16000,14762.488234581715,4658.156541991048,18291.65583406575,253444.79969183358
1784317192,100,,Aggregated,6.100000,0.000000,16000,16000,16000,16000,17000,17000,17000,18000,18000,18000,18000,655,0,16000,14773.625415956729,4658.156541991048,18291.65583406575,253451.40610687024
1784317193,100,,Aggregated,5.800000,0.000000,16000,16000,16000,16000,17000,17000,17000,18000,18000,18000,18000,663,0,16000,14788.099321260346,4658.156541991048,18291.65583406575,253492.34087481146
1784317194,100,,Aggregated,6.200000,0.000000,16000,16000,16000,16000,17000,17000,17000,18000,18000,18000,18000,671,0,16000,14803.230433921917,4658.156541991048,18291.65583406575,253560.9478390462
1784317195,100,,Aggregated,6.300000,0.000000,16000,16000,16000,16000,17000,17000,17000,18000,18000,18000,18000,674,0,16000,14809.54913612098,4658.156541991048,18291.65583406575,253562.95697329377
1784317196,100,,Aggregated,6.400000,0.000000,16000,16000,16000,16000,17000,17000,17000,18000,18000,18000,18000,676,0,16000,14812.965723982816,4658.156541991048,18291.65583406575,253547.3150887574
1784317197,100,,Aggregated,6.500000,0.000000,16000,16000,16000,16000,17000,17000,17000,18000,18000,18000,18000,682,0,16000,14830.813763557684,4658.156541991048,18291.65583406575,253566.97507331378
1784317198,100,,Aggregated,6.000000,0.000000,16000,16000,16000,16000,17000,17000,17000,18000,18000,18000,18000,691,0,16000,14851.759933363668,4658.156541991048,18291.65583406575,253469.87409551375
1784317199,100,,Aggregated,5.300000,0.000000,16000,16000,16000,16000,17000,17000,17000,18000,18000,18000,18000,697,0,16000,14866.172032276101,4658.156541991048,18291.65583406575,253485.9469153515
1784317200,100,,Aggregated,5.700000,0.000000,16000,16000,16000,16000,17000,17000,17000,18000,18000,18000,18000,705,0,16000,14877.677067078594,4658.156541991048,18291.65583406575,253471.83262411348
1784317201,100,,Aggregated,6.200000,0.000000,16000,16000,16000,16000,17000,17000,17000,18000,18000,18000,18000,710,0,16000,14888.589638144163,4658.156541991048,18291.65583406575,253515.40704225353
1784317202,100,,Aggregated,6.200000,0.000000,16000,16000,16000,16000,17000,17000,17000,18000,18000,18000,18000,716,0,16000,14901.278076580089,4658.156541991048,18291.65583406575,253556.2779329609
1784317203,100,,Aggregated,6.500000,0.000000,16000,16000,16000,17000,17000,17000,17000,18000,18000,18000,18000,723,0,16000,14918.828047773983,4658.156541991048,18291.65583406575,253623.56984785615
1784317204,100,,Aggregated,5.900000,0.000000,16000,16000,16000,17000,17000,17000,17000,18000,18000,18000,18000,724,0,16000,14920.876515364189,4658.156541991048,18291.65583406575,253618.1464088398
1784317205,100,,Aggregated,6.100000,0.000000,16000,16000,16000,17000,17000,17000,17000,18000,18000,18000,18000,732,0,16000,14941.175747093745,4658.156541991048,18291.65583406575,253560.40163934426
1784317206,100,,Aggregated,6.000000,0.000000,16000,16000,16000,17000,17000,17000,17000,18000,18000,18000,18000,744,0,16000,14958.176060983093,4658.156541991048,18291.65583406575,253551.00134408602
1784317207,100,,Aggregated,5.400000,0.000000,16000,16000,16000,17000,17000,17000,17000,18000,18000,18000,18000,746,0,16000,14961.683105054239,4658.156541991048,18291.65583406575,253578.764075067
1784317208,100,,Aggregated,5.800000,0.000000,16000,16000,16000,17000,17000,17000,17000,18000,18000,18000,18000,753,0,16000,14975.413751765547,4658.156541991048,18291.65583406575,253545.0743691899
1784317209,100,,Aggregated,6.700000,0.000000,16000,16000,16000,17000,17000,17000,17000,18000,18000,18000,18000,762,0,16000,14993.017174262883,4658.156541991048,18291.65583406575,253520.156167979
1784317210,100,,Aggregated,6.300000,0.000000,16000,16000,16000,17000,17000,17000,17000,18000,18000,18000,18000,767,0,16000,15001.94379068471,4658.156541991048,18291.65583406575,253525.48631029986
1784317211,100,,Aggregated,6.200000,0.000000,16000,16000,16000,17000,17000,17000,17000,18000,18000,18000,18000,775,0,16000,15012.869890854205,4658.156541991048,18291.65583406575,253525.4077419355
1784317212,100,,Aggregated,6.500000,0.000000,16000,16000,16000,17000,17000,17000,17000,18000,18000,18000,18000,780,0,16000,15016.873518584698,4658.156541991048,18291.65583406575,253452.05897435898
1784317213,100,,Aggregated,6.100000,0.000000,16000,16000,16000,17000,17000,17000,17000,18000,18000,18000,18000,784,0,16000,15019.732837581427,4658.156541991048,18291.65583406575,253463.20025510204
1784317214,100,,Aggregated,6.500000,0.000000,16000,16000,16000,17000,17000,17000,17000,18000,18000,18000,18000,789,0,16000,15026.195781997134,4658.156541991048,18291.65583406575,253441.39543726237
1784317215,100,,Aggregated,6.400000,0.000000,16000,16000,16000,17000,17000,17000,17000,18000,18000,18000,18000,796,0,16000,15036.944910483615,4658.156541991048,18291.65583406575,253357.31030150753
1784317216,100,,Aggregated,6.100000,0.000000,16000,16000,16000,17000,17000,17000,17000,18000,18000,18000,18000,802,0,16000,15046.637889127129,4658.156541991048,18291.65583406575,253257.8428927681
1784317217,100,,Aggregated,6.400000,0.000000,16000,16000,16000,17000,17000,17000,17000,18000,18000,18000,18000,810,0,16000,15057.491259872593,4658.156541991048,18291.65583406575,253310.56790123458
1784317218,100,,Aggregated,6.500000,0.000000,16000,16000,16000,17000,17000,17000,17000,18000,18000,18000,18000,818,0,16000,15067.06862779696,4658.156541991048,18291.65583406575,253403.53545232274
1784317219,100,,Aggregated,6.000000,0.000000,16000,16000,16000,17000,17000,17000,17000,18000,18000,18000,18000,826,0,16000,15071.271254936992,4658.156541991048,18291.65583406575,253363.97336561742
1784317220,100,,Aggregated,6.500000,0.000000,16000,16000,16000,17000,17000,17000,17000,18000,18000,18000,18000,827,0,16000,15071.398530071236,4658.156541991048,18291.65583406575,253359.5392986699
1784317221,100,,Aggregated,6.500000,0.000000,16000,16000,16000,17000,17000,17000,17000,18000,18000,18000,18000,831,0,16000,15076.309120179138,4658.156541991048,18291.65583406575,253391.2310469314
1784317222,100,,Aggregated,6.400000,0.000000,16000,16000,16000,17000,17000,17000,17000,18000,18000,18000,18000,837,0,16000,15085.652875091588,4658.156541991048,18291.65583406575,253384.97371565114
1784317223,100,,Aggregated,6.000000,0.000000,16000,16000,16000,17000,17000,17000,17000,18000,18000,18000,18000,845,0,16000,15099.173664143056,4658.156541991048,18291.65583406575,253356.6828402367
1784317224,100,,Aggregated,5.600000,0.000000,16000,16000,16000,17000,17000,17000,17000,18000,18000,18000,18000,852,0,16000,15110.833275618577,4658.156541991048,18291.65583406575,253319.72769953051
1784317225,100,,Aggregated,5.700000,0.000000,16000,16000,16000,17000,17000,17000,17000,18000,18000,18000,18000,860,0,16000,15120.121847521128,4658.156541991048,18291.65583406575,253335.53023255814
1784317226,100,,Aggregated,6.100000,0.000000,16000,16000,16000,17000,17000,17000,17000,18000,18000,18000,18000,866,0,16000,15128.50578487436,4658.156541991048,18291.65583406575,253375.31755196306
1784317227,100,,Aggregated,6.400000,0.000000,16000,16000,16000,17000,17000,17000,17000,18000,18000,18000,18000,872,0,16000,15135.080093979816,4658.156541991048,18291.65583406575,253411.83600917432
1784317229,100,,Aggregated,6.300000,0.000000,16000,16000,16000,17000,17000,17000,17000,18000,18000,18000,18000,877,0,16000,15142.104203478259,4658.156541991048,18291.65583406575,253369.7730900798
1784317230,100,,Aggregated,6.200000,0.000000,16000,16000,16000,17000,17000,17000,17000,18000,18000,18000,18000,879,0,16000,15144.596109348573,4658.156541991048,18291.65583406575,253431.2912400455
1784317231,100,,Aggregated,6.100000,0.000000,16000,16000,16000,17000,17000,17000,17000,18000,18000,18000,18000,889,0,16000,15160.51399371158,4658.156541991048,18297.172542079352,253371.96512935884
1784317232,100,,Aggregated,5.900000,0.000000,16000,16000,16000,17000,17000,17000,17000,18000,18000,18000,18000,894,0,16000,15166.54851551165,4658.156541991048,18297.172542079352,253318.66666666666
1784317233,100,,Aggregated,5.300000,0.000000,16000,16000,16000,17000,17000,17000,17000,18000,18000,18000,18000,901,0,16000,15172.474572641877,4658.156541991048,18297.172542079352,253242.90344062154
1784317234,100,,Aggregated,6.200000,0.000000,16000,16000,16000,17000,17000,17000,17000,18000,18000,18000,18000,909,0,16000,15182.004376962994,4658.156541991048,18297.172542079352,253197.75797579758
1784317235,100,,Aggregated,6.300000,0.000000,16000,16000,16000,17000,17000,17000,17000,18000,18000,18000,18000,914,0,16000,15189.766453265358,4658.156541991048,18297.172542079352,253267.65754923414
1784317236,100,,Aggregated,6.400000,0.000000,16000,16000,16000,17000,17000,17000,17000,18000,18000,18000,18000,919,0,16000,15198.175384332419,4658.156541991048,18297.172542079352,253297.3579978237
1784317237,100,,Aggregated,6.400000,0.000000,16000,16000,16000,17000,17000,17000,18000,18000,18000,18000,18000,930,0,16000,15209.90714004666,4658.156541991048,18297.172542079352,253376.24086021507
1784317238,100,,Aggregated,6.100000,0.000000,16000,16000,16000,17000,17000,17000,18000,18000,18000,18000,18000,935,0,16000,15211.49196929004,4658.156541991048,18297.172542079352,253343.34545454546
1784317239,100,,Aggregated,5.900000,0.000000,16000,16000,16000,17000,17000,17000,18000,18000,18000,18000,18000,938,0,16000,15212.691921148387,4658.156541991048,18297.172542079352,253321.3315565032
1784317240,100,,Aggregated,6.300000,0.000000,16000,16000,16000,17000,17000,17000,18000,18000,18000,18000,18000,946,0,16000,15218.87305491957,4658.156541991048,18297.172542079352,253317.5243128964
1784317241,100,,Aggregated,6.100000,0.000000,16000,16000,16000,17000,17000,17000,18000,18000,18000,18000,18000,949,0,16000,15223.051180800778,4658.156541991048,18297.172542079352,253287.14752370917
1784317242,100,,Aggregated,6.100000,0.000000,16000,16000,16000,17000,17000,17000,17000,18000,18000,18000,18000,955,0,16000,15231.745395851218,4658.156541991048,18297.172542079352,253224.03979057592
1784317243,100,,Aggregated,6.600000,0.000000,16000,16000,16000,17000,17000,17000,18000,18000,18000,18000,18000,963,0,16000,15241.38576163439,4658.156541991048,18297.172542079352,253233.34579439252
1784317244,100,,Aggregated,5.900000,0.000000,16000,16000,16000,17000,17000,17000,18000,18000,18000,18000,18000,972,0,16000,15253.170971702486,4658.156541991048,18297.172542079352,253198.65534979425
1784317245,100,,Aggregated,6.200000,0.000000,16000,16000,16000,17000,17000,17000,18000,18000,18000,18000,18000,981,0,16000,15257.302475783674,4658.156541991048,18297.172542079352,253265.06931702344
1784317246,100,,Aggregated,6.200000,0.000000,16000,16000,16000,17000,17000,17000,18000,18000,18000,18000,18000,984,0,16000,15257.902194988597,4658.156541991048,18297.172542079352,253239.58333333334
1784317247,100,,Aggregated,6.600000,0.000000,16000,16000,16000,17000,17000,17000,18000,18000,18000,18000,18000,987,0,16000,15259.59404026631,4658.156541991048,18297.172542079352,253240.10840932117
1784317248,100,,Aggregated,6.500000,0.000000,16000,16000,16000,17000,17000,17000,18000,18000,18000,18000,18000,991,0,16000,15265.208481956524,4658.156541991048,18297.172542079352,253285.47325933402
1784317249,100,,Aggregated,5.600000,0.000000,16000,16000,16000,17000,17000,17000,18000,18000,18000,18000,18000,1001,0,16000,15278.102790537441,4658.156541991048,18297.172542079352,253271.72227772226
1784317250,100,,Aggregated,5.600000,0.000000,16000,16000,16000,17000,17000,17000,18000,18000,18000,18000,18000,1005,0,16000,15282.900234986086,4658.156541991048,18297.172542079352,253276.30049751245
1784317251,100,,Aggregated,6.200000,0.000000,16000,16000,16000,17000,17000,17000,18000,18000,18000,18000,18000,1014,0,16000,15290.914393650053,4658.156541991048,18297.172542079352,253268.2771203156
1784317252,100,,Aggregated,6.200000,0.000000,16000,16000,16000,17000,17000,17000,18000,18000,18000,18000,18000,1020,0,16000,15294.232590476782,4658.156541991048,18297.172542079352,253239.95
1784317253,100,,Aggregated,6.500000,0.000000,16000,16000,16000,17000,17000,17000,18000,18000,18000,18000,18000,1026,0,16000,15299.553263475982,4658.156541991048,18297.172542079352,253291.42300194933
1784317254,100,,Aggregated,6.500000,0.000000,16000,16000,16000,17000,17000,17000,18000,18000,18000,18000,18000,1030,0,16000,15305.770370340102,4658.156541991048,18297.172542079352,253327.1941747573
1784317255,100,,Aggregated,6.200000,0.000000,16000,16000,16000,17000,17000,17000,18000,18000,18000,18000,18000,1032,0,16000,15308.885780717308,4658.156541991048,18297.172542079352,253315.45445736434
1784317256,100,,Aggregated,5.700000,0.000000,16000,16000,16000,17000,17000,17000,18000,18000,18000,19000,19000,1040,0,16000,15325.69330299737,4658.156541991048,18675.258292001672,253330.00096153846
1784317257,100,,Aggregated,5.700000,0.000000,16000,16000,16000,17000,17000,17000,18000,18000,18000,19000,19000,1044,0,16000,15331.547041659218,4658.156541991048,18675.258292001672,253340.19636015326
1784317258,100,,Aggregated,5.100000,0.000000,16000,16000,16000,17000,17000,17000,18000,18000,18000,19000,19000,1054,0,16000,15343.382398948119,4658.156541991048,18675.258292001672,253358.61859582542
1784317259,100,,Aggregated,5.500000,0.000000,16000,16000,16000,17000,17000,17000,18000,18000,18000,19000,19000,1059,0,16000,15348.614243065507,4658.156541991048,18675.258292001672,253384.78470254957
